PASS	built-ins/Reflect/set/not-a-constructor.js
PASS	built-ins/Reflect/set/call-prototype-property-set.js
PASS	built-ins/Reflect/set/target-is-symbol-throws.js
PASS	built-ins/Reflect/set/set-value-on-accessor-descriptor-with-receiver.js
PASS	built-ins/Reflect/set/different-property-descriptors.js
PASS	built-ins/Reflect/set/set-value-on-data-descriptor.js
PASS	built-ins/Reflect/set/length.js
PASS	built-ins/Reflect/set/return-false-if-receiver-is-not-writable.js
PASS	built-ins/Reflect/set/return-abrupt-from-result.js
PASS	built-ins/Reflect/set/symbol-property.js
PASS	built-ins/Reflect/set/name.js
PASS	built-ins/Reflect/set/return-abrupt-from-property-key.js
PASS	built-ins/Reflect/set/set.js
PASS	built-ins/Reflect/set/receiver-is-not-object.js
PASS	built-ins/Reflect/set/creates-a-data-descriptor.js
PASS	built-ins/Reflect/set/return-false-if-target-is-not-writable.js
PASS	built-ins/Reflect/set/target-is-not-object-throws.js
PASS	built-ins/Reflect/set/set-value-on-accessor-descriptor.js
