PASS	language/expressions/assignment/S11.13.1_A6_T3.js
PASS	language/expressions/assignment/member-expr-ident-name-if-escaped.js
PASS	language/expressions/assignment/member-expr-ident-name-else-escaped.js
PASS	language/expressions/assignment/member-expr-ident-name-do-escaped.js
PASS	language/expressions/assignment/S8.12.5_A2.js
PASS	language/expressions/assignment/fn-name-lhs-cover.js
PASS	language/expressions/assignment/member-expr-ident-name-export-escaped.js
PASS	language/expressions/assignment/target-cover-yieldexpr.js
PASS	language/expressions/assignment/S11.13.1_A6_T2.js
PASS	language/expressions/assignment/target-newtarget.js
PASS	language/expressions/assignment/member-expr-ident-name-private-escaped.js
PASS	language/expressions/assignment/member-expr-ident-name-with-escaped.js
PASS	language/expressions/assignment/member-expr-ident-name-static-escaped.js
PASS	language/expressions/assignment/member-expr-ident-name-var-escaped.js
PASS	language/expressions/assignment/member-expr-ident-name-try-escaped.js
PASS	language/expressions/assignment/member-expr-ident-name-in-escaped.js
PASS	language/expressions/assignment/id-eval-strict.js
PASS	language/expressions/assignment/8.12.5-5-b_1.js
PASS	language/expressions/assignment/member-expr-ident-name-default.js
PASS	language/expressions/assignment/target-cover-id.js
PASS	language/expressions/assignment/S11.13.1_A4_T2.js
PASS	language/expressions/assignment/target-super-computed-reference.js
PASS	language/expressions/assignment/target-string.js
PASS	language/expressions/assignment/target-member-computed-reference-undefined.js
PASS	language/expressions/assignment/member-expr-ident-name-for-escaped.js
PASS	language/expressions/assignment/11.13.1-4-28gs.js
PASS	language/expressions/assignment/member-expr-ident-name-interface-escaped.js
PASS	language/expressions/assignment/S11.13.1_A3.2.js
PASS	language/expressions/assignment/member-expr-ident-name-const-escaped.js
PASS	language/expressions/assignment/target-boolean.js
PASS	language/expressions/assignment/target-member-identifier-reference-null.js
PASS	language/expressions/assignment/member-expr-ident-name-extends-escaped.js
PASS	language/expressions/assignment/target-null.js
PASS	language/expressions/assignment/11.13.1-3-s.js
PASS	language/expressions/assignment/S11.13.1_A5_T3.js
PASS	language/expressions/assignment/member-expr-ident-name-continue-escaped.js
PASS	language/expressions/assignment/member-expr-ident-name-protected-escaped.js
PASS	language/expressions/assignment/fn-name-class.js
PASS	language/expressions/assignment/fn-name-gen.js
PASS	language/expressions/assignment/11.13.1-4-6-s.js
PASS	language/expressions/assignment/S11.13.1_A2.1_T1.js
PASS	language/expressions/assignment/member-expr-ident-name-switch-escaped.js
PASS	language/expressions/assignment/line-terminator.js
PASS	language/expressions/assignment/8.12.5-3-b_1.js
PASS	language/expressions/assignment/S11.13.1_A5_T2.js
PASS	language/expressions/assignment/member-expr-ident-name-import-escaped.js
PASS	language/expressions/assignment/assignment-operator-calls-putvalue-lref--rval-.js
PASS	language/expressions/assignment/11.13.1-2-s.js
PASS	language/expressions/assignment/member-expr-ident-name-implements-escaped.js
PASS	language/expressions/assignment/8.14.4-8-b_1.js
PASS	language/expressions/assignment/11.13.1-4-29gs.js
PASS	language/expressions/assignment/11.13.1-1-s.js
PASS	language/expressions/assignment/member-expr-ident-name-return-escaped.js
PASS	language/expressions/assignment/11.13.1-4-27-s.js
PASS	language/expressions/assignment/white-space.js
PASS	language/expressions/assignment/S11.13.1_A2.1_T2.js
PASS	language/expressions/assignment/member-expr-ident-name-throw-escaped.js
PASS	language/expressions/assignment/member-expr-ident-name-new-escaped.js
PASS	language/expressions/assignment/member-expr-ident-name-enum-escaped.js
PASS	language/expressions/assignment/member-expr-ident-name-delete-escaped.js
PASS	language/expressions/assignment/member-expr-ident-name-let-escaped.js
PASS	language/expressions/assignment/member-expr-ident-name-class-escaped.js
PASS	language/expressions/assignment/S11.13.1_A5_T1.js
PASS	language/expressions/assignment/8.12.5-3-b_2.js
PASS	language/expressions/assignment/11.13.1-4-1.js
PASS	language/expressions/assignment/fn-name-fn.js
PASS	language/expressions/assignment/11.13.1-1-6-s.js
PASS	language/expressions/assignment/member-expr-ident-name-extends.js
PASS	language/expressions/assignment/non-simple-target.js
PASS	language/expressions/assignment/member-expr-ident-name-super-escaped.js
PASS	language/expressions/assignment/8.14.4-8-b_2.js
PASS	language/expressions/assignment/member-expr-ident-name-void-escaped.js
PASS	language/expressions/assignment/member-expr-ident-name-public-escaped.js
PASS	language/expressions/assignment/fn-name-arrow.js
PASS	language/expressions/assignment/member-expr-ident-name-package-escaped.js
PASS	language/expressions/assignment/target-number.js
PASS	language/expressions/assignment/target-super-computed-reference-null.js
PASS	language/expressions/assignment/member-expr-ident-name-case-escaped.js
PASS	language/expressions/assignment/member-expr-ident-name-default-escaped-ext.js
PASS	language/expressions/assignment/target-member-identifier-reference-undefined.js
PASS	language/expressions/assignment/id-arguments-strict.js
PASS	language/expressions/assignment/assignment-operator-calls-putvalue-lref--rval--1.js
PASS	language/expressions/assignment/member-expr-ident-name-break-escaped.js
PASS	language/expressions/assignment/S8.12.4_A1.js
PASS	language/expressions/assignment/S11.13.1_A3.1.js
PASS	language/expressions/assignment/member-expr-ident-name-typeof-escaped.js
PASS	language/expressions/assignment/S11.13.1_A7_T4.js
PASS	language/expressions/assignment/target-assignment.js
PASS	language/expressions/assignment/target-member-computed-reference.js
PASS	language/expressions/assignment/S11.13.1_A6_T1.js
PASS	language/expressions/assignment/member-expr-ident-name-debugger-escaped.js
PASS	language/expressions/assignment/member-expr-ident-name-this-escaped.js
PASS	language/expressions/assignment/target-member-computed-reference-null.js
PASS	language/expressions/assignment/11.13.1-4-3-s.js
PASS	language/expressions/assignment/target-cover-newtarget.js
PASS	language/expressions/assignment/11.13.1-4-14-s.js
PASS	language/expressions/assignment/member-expr-ident-name-instanceof-escaped.js
PASS	language/expressions/assignment/target-super-identifier-reference-null.js
PASS	language/expressions/assignment/member-expr-ident-name-while-escaped.js
PASS	language/expressions/assignment/fn-name-lhs-member.js
PASS	language/expressions/assignment/member-expr-ident-name-catch-escaped.js
PASS	language/expressions/assignment/member-expr-ident-name-function-escaped.js
PASS	language/expressions/assignment/S8.12.5_A1.js
PASS	language/expressions/assignment/S11.13.1_A4_T1.js
PASS	language/expressions/assignment/member-expr-ident-name-finally-escaped.js
PASS	language/expressions/assignment/fn-name-cover.js
PASS	language/expressions/assignment/member-expr-ident-name-extends-escaped-ext.js
PASS	language/expressions/assignment/target-assignment-inside-function.js
PASS	language/expressions/assignment/destructuring/target-assign-throws-iterator-return-get-throws.js
PASS	language/expressions/assignment/destructuring/iterator-destructuring-property-reference-target-evaluation-order.js
PASS	language/expressions/assignment/member-expr-ident-name-default-escaped.js
PASS	language/expressions/assignment/destructuring/target-assign-throws-iterator-return-is-not-callable.js
PASS	language/expressions/assignment/destructuring/keyed-destructuring-property-reference-target-evaluation-order-with-bindings.js
PASS	language/expressions/assignment/destructuring/obj-prop-__proto__dup.js
PASS	language/expressions/assignment/destructuring/default-expr-throws-iterator-return-get-throws.js
PASS	language/expressions/assignment/destructuring/default-expr-throws-iterator-return-is-not-callable.js
PASS	language/expressions/assignment/dstr/syntax-error-ident-ref-var-escaped.js
PASS	language/expressions/assignment/dstr/obj-prop-elem-target-obj-literal-prop-ref-init-active.js
PASS	language/expressions/assignment/dstr/array-elem-nested-obj.js
PASS	language/expressions/assignment/dstr/obj-id-init-evaluation.js
PASS	language/expressions/assignment/destructuring/keyed-destructuring-property-reference-target-evaluation-order.js
PASS	language/expressions/assignment/dstr/syntax-error-ident-ref-const-escaped.js
PASS	language/expressions/assignment/dstr/array-rest-lref.js
PASS	language/expressions/assignment/dstr/obj-prop-elem-init-assignment-truthy.js
PASS	language/expressions/assignment/dstr/array-rest-iter-thrw-close-err.js
PASS	language/expressions/assignment/dstr/array-elision-iter-nrml-close-null.js
PASS	language/expressions/assignment/dstr/obj-prop-nested-array-null.js
PASS	language/expressions/assignment/dstr/obj-prop-put-prop-ref-user-err.js
PASS	language/expressions/assignment/dstr/syntax-error-ident-ref-try-escaped.js
PASS	language/expressions/assignment/dstr/ident-name-prop-name-literal-finally-escaped.js
PASS	language/expressions/assignment/dstr/ident-name-prop-name-literal-default.js
PASS	language/expressions/assignment/dstr/syntax-error-ident-ref-with-escaped.js
PASS	language/expressions/assignment/dstr/array-elem-iter-thrw-close-err.js
PASS	language/expressions/assignment/dstr/obj-prop-elem-init-fn-name-arrow.js
PASS	language/expressions/assignment/dstr/ident-name-prop-name-literal-default-escaped.js
PASS	language/expressions/assignment/dstr/array-elem-trlg-iter-list-nrml-close-null.js
PASS	language/expressions/assignment/dstr/array-rest-nested-obj-undefined.js
PASS	language/expressions/assignment/dstr/ident-name-prop-name-literal-do-escaped.js
PASS	language/expressions/assignment/dstr/obj-prop-elem-init-yield-ident-invalid.js
PASS	language/expressions/assignment/dstr/obj-rest-put-const.js
PASS	language/expressions/assignment/dstr/ident-name-prop-name-literal-extends-escaped-ext.js
PASS	language/expressions/assignment/dstr/array-elem-init-fn-name-fn.js
PASS	language/expressions/assignment/dstr/obj-rest-computed-property-no-strict.js
PASS	language/expressions/assignment/dstr/array-elem-put-const.js
PASS	language/expressions/assignment/dstr/obj-rest-symbol-val.js
PASS	language/expressions/assignment/dstr/ident-name-prop-name-literal-with-escaped.js
PASS	language/expressions/assignment/dstr/array-elem-iter-thrw-close-skip.js
PASS	language/expressions/assignment/dstr/obj-prop-nested-array-yield-ident-valid.js
PASS	language/expressions/assignment/dstr/array-empty-iter-get-err.js
PASS	language/expressions/assignment/dstr/ident-name-prop-name-literal-if-escaped.js
PASS	language/expressions/assignment/dstr/syntax-error-ident-ref-typeof-escaped.js
PASS	language/expressions/assignment/dstr/obj-prop-nested-array-yield-ident-invalid.js
PASS	language/expressions/assignment/dstr/obj-prop-nested-obj-null.js
PASS	language/expressions/assignment/dstr/ident-name-prop-name-literal-var-escaped.js
PASS	language/expressions/assignment/dstr/obj-prop-elem-init-let.js
PASS	language/expressions/assignment/dstr/ident-name-prop-name-literal-typeof-escaped.js
PASS	language/expressions/assignment/dstr/array-elem-nested-obj-invalid.js
PASS	language/expressions/assignment/dstr/obj-id-identifier-yield-ident-invalid.js
PASS	language/expressions/assignment/dstr/array-rest-iter-thrw-close.js
PASS	language/expressions/assignment/dstr/obj-id-put-let.js
PASS	language/expressions/assignment/dstr/array-elem-nested-array-invalid.js
PASS	language/expressions/assignment/dstr/obj-rest-non-string-computed-property-array-1.js
PASS	language/expressions/assignment/dstr/array-elem-nested-obj-undefined-hole.js
PASS	language/expressions/assignment/dstr/ident-name-prop-name-literal-try-escaped.js
PASS	language/expressions/assignment/dstr/obj-prop-elem-init-assignment-undef.js
PASS	language/expressions/assignment/dstr/array-elem-put-obj-literal-prop-ref-init.js
PASS	language/expressions/assignment/dstr/obj-prop-nested-array.js
PASS	language/expressions/assignment/dstr/array-rest-nested-array-undefined.js
PASS	language/expressions/assignment/dstr/syntax-error-ident-ref-finally-escaped.js
PASS	language/expressions/assignment/dstr/ident-name-prop-name-literal-delete-escaped.js
PASS	language/expressions/assignment/dstr/array-elem-trlg-iter-rest-rtrn-close-err.js
PASS	language/expressions/assignment/dstr/syntax-error-ident-ref-else-escaped.js
PASS	language/expressions/assignment/dstr/obj-prop-elem-init-assignment-null.js
PASS	language/expressions/assignment/dstr/array-elem-target-simple-no-strict.js
PASS	language/expressions/assignment/dstr/array-empty-val-string.js
PASS	language/expressions/assignment/dstr/array-rest-yield-ident-valid.js
PASS	language/expressions/assignment/dstr/obj-id-init-fn-name-gen.js
PASS	language/expressions/assignment/dstr/syntax-error-ident-ref-instanceof-escaped.js
PASS	language/expressions/assignment/dstr/syntax-error-ident-ref-delete-escaped.js
PASS	language/expressions/assignment/dstr/array-elem-trlg-iter-rest-rtrn-close.js
PASS	language/expressions/assignment/dstr/ident-name-prop-name-literal-catch-escaped.js
PASS	language/expressions/assignment/dstr/array-elem-nested-array.js
PASS	language/expressions/assignment/dstr/ident-name-prop-name-literal-while-escaped.js
PASS	language/expressions/assignment/dstr/syntax-error-ident-ref-default-escaped.js
PASS	language/expressions/assignment/dstr/obj-rest-descriptors.js
PASS	language/expressions/assignment/dstr/syntax-error-ident-ref-continue-escaped.js
PASS	language/expressions/assignment/dstr/obj-prop-elem-init-fn-name-fn.js
PASS	language/expressions/assignment/dstr/array-elem-init-yield-ident-invalid.js
PASS	language/expressions/assignment/dstr/array-rest-elision.js
PASS	language/expressions/assignment/dstr/obj-prop-elem-init-yield-ident-valid.js
PASS	language/expressions/assignment/dstr/obj-prop-nested-obj-yield-ident-valid.js
PASS	language/expressions/assignment/dstr/ident-name-prop-name-literal-else-escaped.js
PASS	language/expressions/assignment/dstr/ident-name-prop-name-literal-in-escaped.js
PASS	language/expressions/assignment/dstr/ident-name-prop-name-literal-public-escaped.js
PASS	language/expressions/assignment/dstr/obj-id-init-assignment-null.js
PASS	language/expressions/assignment/dstr/array-iteration.js
PASS	language/expressions/assignment/dstr/array-rest-put-prop-ref-user-err.js
PASS	language/expressions/assignment/dstr/array-elem-nested-array-yield-ident-valid.js
PASS	language/expressions/assignment/dstr/array-elem-iter-rtrn-close-null.js
PASS	language/expressions/assignment/dstr/obj-rest-val-null.js
PASS	language/expressions/assignment/dstr/obj-rest-non-string-computed-property-1.js
PASS	language/expressions/assignment/dstr/syntax-error-ident-ref-public-escaped.js
PASS	language/expressions/assignment/dstr/array-elem-init-in.js
PASS	language/expressions/assignment/dstr/array-elem-nested-array-null.js
PASS	language/expressions/assignment/dstr/array-elem-nested-array-undefined-own.js
PASS	language/expressions/assignment/dstr/obj-rest-str-val.js
PASS	language/expressions/assignment/dstr/array-elem-trlg-iter-get-err.js
PASS	language/expressions/assignment/dstr/obj-id-init-fn-name-class.js
PASS	language/expressions/assignment/dstr/obj-empty-num.js
PASS	language/expressions/assignment/dstr/ident-name-prop-name-literal-default-escaped-ext.js
PASS	language/expressions/assignment/dstr/obj-prop-nested-obj-yield-expr.js
PASS	language/expressions/assignment/dstr/obj-id-init-assignment-truthy.js
PASS	language/expressions/assignment/dstr/ident-name-prop-name-literal-package-escaped.js
PASS	language/expressions/assignment/dstr/obj-prop-identifier-resolution-lone.js
PASS	language/expressions/assignment/dstr/array-rest-nested-array-iter-thrw-close-skip.js
PASS	language/expressions/assignment/dstr/array-rest-nested-array-invalid.js
PASS	language/expressions/assignment/dstr/obj-rest-to-property-with-setter.js
PASS	language/expressions/assignment/dstr/obj-empty-symbol.js
PASS	language/expressions/assignment/dstr/obj-rest-number.js
PASS	language/expressions/assignment/dstr/array-rest-after-elision.js
PASS	language/expressions/assignment/dstr/array-rest-yield-ident-invalid.js
PASS	language/expressions/assignment/dstr/array-rest-before-elision.js
PASS	language/expressions/assignment/dstr/array-elision-val-symbol.js
PASS	language/expressions/assignment/dstr/array-elem-target-yield-invalid.js
PASS	language/expressions/assignment/dstr/array-rest-iter-rtrn-close.js
PASS	language/expressions/assignment/dstr/obj-prop-elem-target-memberexpr-optchain-prop-ref-init.js
PASS	language/expressions/assignment/dstr/obj-prop-elem-target-yield-ident-valid.js
PASS	language/expressions/assignment/dstr/array-rest-put-unresolvable-strict.js
PASS	language/expressions/assignment/dstr/obj-prop-put-order.js
PASS	language/expressions/assignment/dstr/ident-name-prop-name-literal-continue-escaped.js
PASS	language/expressions/assignment/dstr/array-rest-iter-thrw-close-skip.js
PASS	language/expressions/assignment/dstr/array-elem-iter-get-err.js
PASS	language/expressions/assignment/dstr/array-rest-nested-obj-undefined-own.js
PASS	language/expressions/assignment/dstr/obj-rest-getter-abrupt-get-error.js
PASS	language/expressions/assignment/dstr/obj-prop-nested-array-undefined-own.js
PASS	language/expressions/assignment/dstr/array-elem-target-yield-expr.js
PASS	language/expressions/assignment/dstr/obj-prop-nested-obj-undefined-own.js
PASS	language/expressions/assignment/dstr/array-rest-put-prop-ref.js
PASS	language/expressions/assignment/dstr/array-elem-put-obj-literal-optchain-prop-ref-init.js
PASS	language/expressions/assignment/dstr/ident-name-prop-name-literal-break-escaped.js
PASS	language/expressions/assignment/dstr/obj-prop-elem-init-fn-name-gen.js
PASS	language/expressions/assignment/dstr/obj-prop-nested-obj-yield-ident-invalid.js
PASS	language/expressions/assignment/dstr/array-elem-nested-array-yield-expr.js
PASS	language/expressions/assignment/dstr/array-elem-nested-obj-yield-ident-valid.js
PASS	language/expressions/assignment/dstr/array-empty-iter-close.js
PASS	language/expressions/assignment/dstr/array-elem-nested-obj-undefined.js
PASS	language/expressions/assignment/dstr/obj-prop-identifier-resolution-middle.js
PASS	language/expressions/assignment/dstr/array-rest-lref-err.js
PASS	language/expressions/assignment/dstr/obj-id-init-yield-expr.js
PASS	language/expressions/assignment/dstr/array-rest-nested-obj-null.js
PASS	language/expressions/assignment/dstr/syntax-error-ident-ref-package-escaped.js
PASS	language/expressions/assignment/dstr/syntax-error-ident-ref-interface-escaped.js
PASS	language/expressions/assignment/dstr/obj-prop-elem-init-assignment-missing.js
PASS	language/expressions/assignment/dstr/array-rest-elision-iter-abpt.js
PASS	language/expressions/assignment/dstr/array-rest-init.js
PASS	language/expressions/assignment/dstr/array-elem-trlg-iter-rest-nrml-close-skip.js
PASS	language/expressions/assignment/dstr/array-rest-iter-rtrn-close-null.js
PASS	language/expressions/assignment/dstr/ident-name-prop-name-literal-super-escaped.js
PASS	language/expressions/assignment/dstr/syntax-error-ident-ref-for-escaped.js
PASS	language/expressions/assignment/dstr/array-elem-trlg-iter-list-rtrn-close-err.js
PASS	language/expressions/assignment/dstr/array-elem-init-fn-name-class.js
PASS	language/expressions/assignment/dstr/syntax-error-ident-ref-extends.js
PASS	language/expressions/assignment/dstr/ident-name-prop-name-literal-class-escaped.js
PASS	language/expressions/assignment/dstr/obj-id-identifier-resolution-lone.js
PASS	language/expressions/assignment/dstr/array-rest-nested-array-undefined-own.js
PASS	language/expressions/assignment/dstr/obj-rest-non-string-computed-property-array-1e0.js
PASS	language/expressions/assignment/dstr/obj-id-init-let.js
PASS	language/expressions/assignment/dstr/obj-id-init-yield-ident-valid.js
PASS	language/expressions/assignment/dstr/array-elem-trlg-iter-list-nrml-close-skip.js
PASS	language/expressions/assignment/dstr/array-elem-nested-obj-yield-ident-invalid.js
PASS	language/expressions/assignment/dstr/ident-name-prop-name-literal-instanceof-escaped.js
PASS	language/expressions/assignment/dstr/ident-name-prop-name-literal-for-escaped.js
PASS	language/expressions/assignment/dstr/array-rest-nested-obj-yield-expr.js
PASS	language/expressions/assignment/dstr/obj-id-identifier-resolution-first.js
PASS	language/expressions/assignment/dstr/array-elem-init-assignment.js
PASS	language/expressions/assignment/dstr/obj-rest-non-string-computed-property-1e0.js
PASS	language/expressions/assignment/dstr/array-elem-target-simple-strict.js
PASS	language/expressions/assignment/dstr/ident-name-prop-name-literal-throw-escaped.js
PASS	language/expressions/assignment/dstr/obj-prop-elem-init-fn-name-cover.js
PASS	language/expressions/assignment/dstr/obj-prop-nested-array-yield-expr.js
PASS	language/expressions/assignment/dstr/array-elision-iter-nrml-close-err.js
PASS	language/expressions/assignment/dstr/array-elem-nested-array-undefined-hole.js
PASS	language/expressions/assignment/dstr/array-elem-put-obj-literal-prop-ref-init-active.js
PASS	language/expressions/assignment/dstr/array-elem-trlg-iter-rest-thrw-close.js
PASS	language/expressions/assignment/dstr/syntax-error-ident-ref-protected-escaped.js
PASS	language/expressions/assignment/dstr/obj-rest-to-property.js
PASS	language/expressions/assignment/dstr/array-elision-iter-get-err.js
PASS	language/expressions/assignment/dstr/array-elision-iter-nrml-close-skip.js
PASS	language/expressions/assignment/dstr/obj-prop-nested-obj.js
PASS	language/expressions/assignment/dstr/array-elem-iter-nrml-close-err.js
PASS	language/expressions/assignment/dstr/obj-prop-identifier-resolution-first.js
PASS	language/expressions/assignment/dstr/array-elem-iter-thrw-close.js
PASS	language/expressions/assignment/dstr/ident-name-prop-name-literal-static-escaped.js
PASS	language/expressions/assignment/dstr/obj-id-init-simple-no-strict.js
PASS	language/expressions/assignment/dstr/array-elision-iter-nrml-close.js
PASS	language/expressions/assignment/dstr/obj-prop-put-unresolvable-strict.js
PASS	language/expressions/assignment/dstr/array-rest-nested-array-null.js
PASS	language/expressions/assignment/dstr/array-empty-val-symbol.js
PASS	language/expressions/assignment/dstr/ident-name-prop-name-literal-interface-escaped.js
PASS	language/expressions/assignment/dstr/array-rest-nested-array-undefined-hole.js
PASS	language/expressions/assignment/dstr/array-empty-iter-close-null.js
PASS	language/expressions/assignment/dstr/obj-rest-same-name.js
PASS	language/expressions/assignment/dstr/array-elem-trlg-iter-list-nrml-close-err.js
PASS	language/expressions/assignment/dstr/array-elem-put-prop-ref-no-get.js
PASS	language/expressions/assignment/dstr/array-rest-nested-obj-invalid.js
PASS	language/expressions/assignment/dstr/obj-prop-name-evaluation-error.js
PASS	language/expressions/assignment/dstr/syntax-error-ident-ref-static-escaped.js
PASS	language/expressions/assignment/dstr/syntax-error-ident-ref-case-escaped.js
PASS	language/expressions/assignment/dstr/obj-prop-elem-target-obj-literal-optchain-prop-ref-init.js
PASS	language/expressions/assignment/dstr/obj-id-simple-no-strict.js
PASS	language/expressions/assignment/dstr/obj-prop-put-let.js
PASS	language/expressions/assignment/dstr/obj-id-init-fn-name-cover.js
PASS	language/expressions/assignment/dstr/array-elem-nested-array-undefined.js
PASS	language/expressions/assignment/dstr/obj-empty-obj.js
PASS	language/expressions/assignment/dstr/array-empty-val-undef.js
PASS	language/expressions/assignment/dstr/array-rest-put-prop-ref-no-get.js
PASS	language/expressions/assignment/dstr/array-rest-put-prop-ref-user-err-iter-close-skip.js
PASS	language/expressions/assignment/dstr/obj-prop-elem-target-obj-literal-prop-ref.js
PASS	language/expressions/assignment/dstr/array-elem-init-evaluation.js
PASS	language/expressions/assignment/dstr/array-elem-trlg-iter-elision-iter-nrml-close-skip.js
PASS	language/expressions/assignment/dstr/array-empty-iter-close-err.js
PASS	language/expressions/assignment/dstr/syntax-error-ident-ref-catch-escaped.js
PASS	language/expressions/assignment/dstr/syntax-error-ident-ref-while-escaped.js
PASS	language/expressions/assignment/dstr/array-elem-trlg-iter-list-thrw-close.js
PASS	language/expressions/assignment/dstr/array-elision-val-bool.js
PASS	language/expressions/assignment/dstr/array-elision-val-null.js
PASS	language/expressions/assignment/dstr/ident-name-prop-name-literal-protected-escaped.js
PASS	language/expressions/assignment/dstr/syntax-error-ident-ref-extends-escaped.js
PASS	language/expressions/assignment/dstr/syntax-error-ident-ref-implements-escaped.js
PASS	language/expressions/assignment/dstr/array-rest-iter-rtrn-close-err.js
PASS	language/expressions/assignment/dstr/array-elem-put-prop-ref.js
PASS	language/expressions/assignment/dstr/array-rest-iter-get-err.js
PASS	language/expressions/assignment/dstr/obj-id-init-fn-name-fn.js
PASS	language/expressions/assignment/dstr/array-elem-iter-rtrn-close-err.js
PASS	language/expressions/assignment/dstr/ident-name-prop-name-literal-case-escaped.js
PASS	language/expressions/assignment/dstr/array-elem-trlg-iter-elision-iter-nrml-close-err.js
PASS	language/expressions/assignment/dstr/array-elem-target-yield-valid.js
PASS	language/expressions/assignment/dstr/array-rest-nested-array-yield-ident-invalid.js
PASS	language/expressions/assignment/dstr/ident-name-prop-name-literal-extends.js
PASS	language/expressions/assignment/dstr/array-elem-init-fn-name-arrow.js
PASS	language/expressions/assignment/dstr/obj-prop-nested-array-invalid.js
PASS	language/expressions/assignment/dstr/array-elem-put-unresolvable-no-strict.js
PASS	language/expressions/assignment/dstr/array-elem-put-unresolvable-strict.js
PASS	language/expressions/assignment/dstr/array-elem-target-identifier.js
PASS	language/expressions/assignment/dstr/array-rest-yield-expr.js
PASS	language/expressions/assignment/dstr/array-elem-nested-obj-yield-expr.js
PASS	language/expressions/assignment/dstr/array-rest-nested-obj.js
PASS	language/expressions/assignment/dstr/syntax-error-ident-ref-let-escaped.js
PASS	language/expressions/assignment/dstr/obj-id-init-yield-ident-invalid.js
PASS	language/expressions/assignment/dstr/ident-name-prop-name-literal-void-escaped.js
PASS	language/expressions/assignment/dstr/obj-rest-non-string-computed-property-string-1.js
PASS	language/expressions/assignment/dstr/obj-prop-put-prop-ref.js
PASS	language/expressions/assignment/dstr/syntax-error-ident-ref-function-escaped.js
PASS	language/expressions/assignment/dstr/obj-id-simple-strict.js
PASS	language/expressions/assignment/dstr/array-elem-trlg-iter-list-nrml-close.js
PASS	language/expressions/assignment/dstr/syntax-error-ident-ref-enum-escaped.js
PASS	language/expressions/assignment/dstr/obj-rest-order.js
PASS	language/expressions/assignment/dstr/obj-id-identifier-yield-expr.js
PASS	language/expressions/assignment/dstr/array-elem-init-fn-name-gen.js
PASS	language/expressions/assignment/dstr/obj-prop-put-prop-ref-no-get.js
PASS	language/expressions/assignment/dstr/obj-rest-skip-non-enumerable.js
PASS	language/expressions/assignment/dstr/syntax-error-ident-ref-new-escaped.js
PASS	language/expressions/assignment/dstr/obj-rest-computed-property.js
PASS	language/expressions/assignment/dstr/syntax-error-ident-ref-default-escaped-ext.js
PASS	language/expressions/assignment/dstr/array-elem-nested-obj-undefined-own.js
PASS	language/expressions/assignment/dstr/obj-prop-elem-init-evaluation.js
PASS	language/expressions/assignment/dstr/obj-prop-elem-init-in.js
PASS	language/expressions/assignment/dstr/array-elem-init-yield-ident-valid.js
PASS	language/expressions/assignment/dstr/obj-empty-bool.js
PASS	language/expressions/assignment/dstr/array-elem-put-obj-literal-prop-ref.js
PASS	language/expressions/assignment/dstr/ident-name-prop-name-literal-extends-escaped.js
PASS	language/expressions/assignment/dstr/obj-empty-null.js
PASS	language/expressions/assignment/dstr/array-rest-nested-array-yield-ident-valid.js
PASS	language/expressions/assignment/dstr/array-rest-nested-array-yield-expr.js
PASS	language/expressions/assignment/dstr/array-elision-iter-abpt.js
PASS	language/expressions/assignment/dstr/obj-prop-elem-target-obj-literal-prop-ref-init.js
PASS	language/expressions/assignment/dstr/ident-name-prop-name-literal-new-escaped.js
PASS	language/expressions/assignment/dstr/obj-empty-undef.js
PASS	language/expressions/assignment/dstr/array-elision-val-array.js
PASS	language/expressions/assignment/dstr/ident-name-prop-name-literal-export-escaped.js
PASS	language/expressions/assignment/dstr/syntax-error-ident-ref-debugger-escaped.js
PASS	language/expressions/assignment/dstr/obj-prop-nested-array-undefined.js
PASS	language/expressions/assignment/dstr/array-elem-iter-nrml-close.js
PASS	language/expressions/assignment/dstr/obj-id-init-assignment-missing.js
PASS	language/expressions/assignment/dstr/obj-id-put-const.js
PASS	language/expressions/assignment/dstr/syntax-error-ident-ref-void-escaped.js
PASS	language/expressions/assignment/dstr/array-elem-iter-nrml-close-skip.js
PASS	language/expressions/assignment/dstr/syntax-error-ident-ref-export-escaped.js
PASS	language/expressions/assignment/dstr/ident-name-prop-name-literal-let-escaped.js
PASS	language/expressions/assignment/dstr/ident-name-prop-name-literal-enum-escaped.js
PASS	language/expressions/assignment/dstr/ident-name-prop-name-literal-const-escaped.js
PASS	language/expressions/assignment/dstr/obj-rest-non-string-computed-property-1dot0.js
PASS	language/expressions/assignment/dstr/obj-prop-nested-obj-invalid.js
PASS	language/expressions/assignment/dstr/obj-prop-elem-target-yield-expr.js
PASS	language/expressions/assignment/dstr/array-elem-trlg-iter-rest-thrw-close-err.js
PASS	language/expressions/assignment/dstr/array-elem-iter-nrml-close-null.js
PASS	language/expressions/assignment/dstr/array-elem-trlg-iter-list-rtrn-close.js
PASS	language/expressions/assignment/dstr/syntax-error-ident-ref-import-escaped.js
PASS	language/expressions/assignment/dstr/array-empty-val-num.js
PASS	language/expressions/assignment/dstr/obj-prop-name-evaluation.js
PASS	language/expressions/assignment/dstr/obj-prop-elem-init-fn-name-class.js
PASS	language/expressions/assignment/dstr/syntax-error-ident-ref-switch-escaped.js
PASS	language/expressions/assignment/dstr/syntax-error-ident-ref-throw-escaped.js
PASS	language/expressions/assignment/dstr/obj-rest-valid-object.js
PASS	language/expressions/assignment/dstr/syntax-error-ident-ref-default.js
PASS	language/expressions/assignment/dstr/obj-id-put-unresolvable-strict.js
PASS	language/expressions/assignment/dstr/obj-prop-put-unresolvable-no-strict.js
PASS	language/expressions/assignment/dstr/obj-id-identifier-resolution-last.js
PASS	language/expressions/assignment/dstr/array-rest-nested-obj-yield-ident-valid.js
PASS	language/expressions/assignment/dstr/array-empty-val-array.js
PASS	language/expressions/assignment/dstr/ident-name-prop-name-literal-function-escaped.js
PASS	language/expressions/assignment/dstr/ident-name-prop-name-literal-switch-escaped.js
PASS	language/expressions/assignment/dstr/obj-rest-non-string-computed-property-1dot.js
PASS	language/expressions/assignment/dstr/array-elision-val-num.js
PASS	language/expressions/assignment/dstr/ident-name-prop-name-literal-import-escaped.js
PASS	language/expressions/assignment/dstr/array-rest-nested-obj-undefined-hole.js
PASS	language/expressions/assignment/dstr/ident-name-prop-name-literal-implements-escaped.js
PASS	language/expressions/assignment/dstr/obj-id-init-in.js
PASS	language/expressions/assignment/dstr/array-elem-trlg-iter-rest-thrw-close-skip.js
PASS	language/expressions/assignment/dstr/array-rest-iteration.js
PASS	language/expressions/assignment/dstr/ident-name-prop-name-literal-return-escaped.js
PASS	language/expressions/assignment/dstr/obj-rest-val-undefined.js
PASS	language/expressions/assignment/dstr/syntax-error-ident-ref-class-escaped.js
PASS	language/expressions/assignment/dstr/ident-name-prop-name-literal-debugger-escaped.js
PASS	language/expressions/assignment/dstr/array-elem-nested-array-yield-ident-invalid.js
PASS	language/expressions/assignment/dstr/syntax-error-ident-ref-super-escaped.js
PASS	language/expressions/assignment/dstr/array-empty-val-null.js
PASS	language/expressions/assignment/dstr/array-elem-iter-rtrn-close.js
PASS	language/expressions/assignment/dstr/array-elem-init-let.js
PASS	language/expressions/assignment/dstr/obj-id-init-order.js
PASS	language/expressions/assignment/dstr/syntax-error-ident-ref-in-escaped.js
PASS	language/expressions/assignment/dstr/obj-prop-elem-init-yield-expr.js
PASS	language/expressions/assignment/dstr/obj-rest-empty-obj.js
PASS	language/expressions/assignment/dstr/obj-rest-getter.js
PASS	language/expressions/assignment/dstr/array-empty-val-bool.js
PASS	language/expressions/assignment/dstr/array-elem-trlg-iter-list-thrw-close-skip.js
PASS	language/expressions/assignment/dstr/syntax-error-ident-ref-return-escaped.js
PASS	language/expressions/assignment/dstr/array-rest-before-rest.js
PASS	language/expressions/assignment/dstr/syntax-error-ident-ref-private-escaped.js
PASS	language/expressions/assignment/dstr/array-elem-init-fn-name-cover.js
PASS	language/expressions/assignment/dstr/array-elem-put-prop-ref-user-err.js
PASS	language/expressions/assignment/dstr/obj-rest-not-last-element-invalid.js
PASS	language/expressions/assignment/dstr/obj-empty-string.js
PASS	language/expressions/assignment/dstr/obj-prop-put-const.js
PASS	language/expressions/assignment/dstr/obj-id-put-unresolvable-no-strict.js
PASS	language/expressions/assignment/dstr/syntax-error-ident-ref-extends-escaped-ext.js
PASS	language/expressions/assignment/dstr/obj-id-identifier-resolution-middle.js
PASS	language/expressions/assignment/dstr/obj-prop-identifier-resolution-last.js
PASS	language/expressions/assignment/dstr/array-rest-iter-nrml-close-skip.js
PASS	language/expressions/assignment/dstr/array-elem-init-order.js
PASS	language/expressions/assignment/dstr/array-elem-trlg-iter-rest-rtrn-close-null.js
PASS	language/expressions/assignment/dstr/syntax-error-ident-ref-break-escaped.js
PASS	language/expressions/assignment/dstr/array-elision-val-string.js
PASS	language/expressions/assignment/dstr/array-elem-init-simple-no-strict.js
PASS	language/expressions/assignment/dstr/array-rest-after-element.js
PASS	language/expressions/assignment/dstr/array-rest-before-element.js
PASS	language/expressions/assignment/dstr/obj-prop-nested-obj-undefined.js
PASS	language/expressions/assignment/dstr/syntax-error-ident-ref-this-escaped.js
PASS	language/expressions/assignment/dstr/array-elem-trlg-iter-elision-iter-nrml-close-null.js
PASS	language/expressions/assignment/dstr/array-rest-put-let.js
PASS	language/expressions/assignment/dstr/syntax-error-ident-ref-do-escaped.js
PASS	language/expressions/assignment/dstr/array-elision-val-undef.js
PASS	language/expressions/assignment/dstr/array-rest-nested-obj-yield-ident-invalid.js
PASS	language/expressions/assignment/dstr/array-elem-trlg-iter-list-thrw-close-err.js
PASS	language/expressions/assignment/dstr/obj-id-identifier-yield-ident-valid.js
PASS	language/expressions/assignment/dstr/obj-id-init-simple-strict.js
PASS	language/expressions/assignment/dstr/array-elem-init-yield-expr.js
PASS	language/expressions/assignment/dstr/obj-id-init-fn-name-arrow.js
PASS	language/expressions/assignment/dstr/array-elem-put-let.js
PASS	language/expressions/assignment/dstr/syntax-error-ident-ref-if-escaped.js
PASS	language/expressions/assignment/dstr/obj-rest-before-comma-invalid.js
PASS	language/expressions/assignment/dstr/array-rest-put-const.js
PASS	language/expressions/assignment/dstr/obj-prop-identifier-resolution-trlng.js
PASS	language/expressions/assignment/dstr/array-rest-put-unresolvable-no-strict.js
PASS	language/expressions/assignment/dstr/array-elem-trlg-iter-elision-iter-abpt.js
PASS	language/expressions/assignment/dstr/array-elem-nested-obj-null.js
PASS	language/expressions/assignment/dstr/array-elem-trlg-iter-elision-iter-nrml-close.js
PASS	language/expressions/assignment/dstr/obj-id-init-assignment-undef.js
PASS	language/expressions/assignment/dstr/obj-prop-elem-target-yield-ident-invalid.js
PASS	language/expressions/assignment/dstr/array-elem-nested-memberexpr-optchain-prop-ref-init.js
PASS	language/expressions/assignment/dstr/array-rest-nested-array.js
PASS	language/expressions/assignment/dstr/obj-id-identifier-resolution-trlng.js
PASS	language/expressions/assignment/dstr/array-elem-trlg-iter-list-rtrn-close-null.js
PASS	language/expressions/assignment/dstr/ident-name-prop-name-literal-private-escaped.js
PASS	language/expressions/assignment/dstr/ident-name-prop-name-literal-this-escaped.js
