PASS	language/expressions/super/call-spread-sngl-iter.js
PASS	language/expressions/super/prop-expr-cls-key-err.js
PASS	language/expressions/super/call-spread-sngl-literal.js
PASS	language/expressions/super/prop-dot-cls-this-uninit.js
PASS	language/expressions/super/prop-expr-obj-err.js
PASS	language/expressions/super/prop-expr-cls-unresolvable.js
PASS	language/expressions/super/call-spread-err-sngl-err-itr-get-call.js
PASS	language/expressions/super/prop-expr-uninitialized-this-getvalue.js
PASS	language/expressions/super/call-proto-not-ctor.js
PASS	language/expressions/super/call-spread-mult-iter.js
PASS	language/expressions/super/prop-expr-getsuperbase-before-topropertykey-getvalue.js
PASS	language/expressions/super/prop-expr-cls-val-from-arrow.js
PASS	language/expressions/super/call-spread-obj-override-immutable.js
PASS	language/expressions/super/call-spread-obj-mult-spread-getter.js
PASS	language/expressions/super/prop-expr-obj-ref-this.js
PASS	language/expressions/super/prop-expr-uninitialized-this-putvalue-increment.js
PASS	language/expressions/super/prop-expr-obj-val-from-arrow.js
PASS	language/expressions/super/prop-dot-obj-val-from-eval.js
PASS	language/expressions/super/call-spread-err-mult-err-unresolvable.js
PASS	language/expressions/super/prop-expr-cls-val-from-eval.js
PASS	language/expressions/super/prop-dot-obj-ref-non-strict.js
PASS	language/expressions/super/call-spread-err-mult-err-itr-step.js
PASS	language/expressions/super/call-spread-err-sngl-err-itr-value.js
PASS	language/expressions/super/call-bind-this-value-twice.js
PASS	language/expressions/super/prop-expr-obj-unresolvable.js
PASS	language/expressions/super/call-spread-err-sngl-err-itr-step.js
PASS	language/expressions/super/prop-expr-cls-ref-this.js
PASS	language/expressions/super/call-spread-obj-manipulate-outter-obj-in-getter.js
PASS	language/expressions/super/super-reference-resolution.js
PASS	language/expressions/super/call-arg-evaluation-err.js
PASS	language/expressions/super/call-spread-mult-obj-null.js
PASS	language/expressions/super/prop-dot-cls-null-proto.js
PASS	language/expressions/super/prop-expr-obj-ref-strict.js
PASS	language/expressions/super/prop-poisoned-underscore-proto.js
PASS	language/expressions/super/call-spread-mult-literal.js
PASS	language/expressions/super/call-spread-obj-undefined.js
PASS	language/expressions/super/call-poisoned-underscore-proto.js
PASS	language/expressions/super/prop-expr-uninitialized-this-putvalue-compound-assign.js
PASS	language/expressions/super/call-spread-obj-spread-order.js
PASS	language/expressions/super/prop-expr-cls-ref-strict.js
PASS	language/expressions/super/prop-expr-getsuperbase-before-topropertykey-putvalue.js
PASS	language/expressions/super/call-expr-value.js
PASS	language/expressions/super/call-spread-obj-symbol-property.js
PASS	language/expressions/super/prop-dot-obj-null-proto.js
PASS	language/expressions/super/prop-expr-cls-err.js
PASS	language/expressions/super/call-spread-err-sngl-err-obj-unresolvable.js
PASS	language/expressions/super/call-spread-mult-empty.js
PASS	language/expressions/super/prop-dot-cls-val-from-arrow.js
PASS	language/expressions/super/call-spread-obj-mult-spread.js
PASS	language/expressions/super/call-spread-mult-obj-ident.js
PASS	language/expressions/super/prop-expr-uninitialized-this-putvalue.js
PASS	language/expressions/super/call-spread-obj-null.js
PASS	language/expressions/super/prop-expr-obj-ref-non-strict.js
PASS	language/expressions/super/prop-expr-getsuperbase-before-topropertykey-putvalue-compound-assign.js
PASS	language/expressions/super/prop-dot-obj-val-from-arrow.js
PASS	language/expressions/super/call-spread-err-sngl-err-itr-get-get.js
PASS	language/expressions/super/call-construct-invocation.js
PASS	language/expressions/super/call-spread-err-mult-err-itr-value.js
PASS	language/expressions/super/call-construct-error.js
PASS	language/expressions/super/prop-expr-getsuperbase-before-topropertykey-putvalue-increment.js
PASS	language/expressions/super/call-spread-sngl-empty.js
PASS	language/expressions/super/call-spread-err-mult-err-itr-get-call.js
PASS	language/expressions/super/prop-dot-cls-ref-this.js
PASS	language/expressions/super/call-spread-obj-getter-init.js
PASS	language/expressions/super/call-spread-sngl-obj-ident.js
PASS	language/expressions/super/call-spread-err-mult-err-iter-get-value.js
PASS	language/expressions/super/prop-expr-obj-val.js
PASS	language/expressions/super/call-spread-mult-obj-undefined.js
PASS	language/expressions/super/call-spread-err-sngl-err-expr-throws.js
PASS	language/expressions/super/prop-dot-obj-val.js
PASS	language/expressions/super/call-spread-err-sngl-err-unresolvable.js
PASS	language/expressions/super/prop-expr-obj-val-from-eval.js
PASS	language/expressions/super/prop-dot-cls-ref-strict.js
PASS	language/expressions/super/prop-expr-obj-key-err.js
PASS	language/expressions/super/call-spread-err-mult-err-obj-unresolvable.js
PASS	language/expressions/super/prop-expr-cls-val.js
PASS	language/expressions/super/prop-dot-cls-val-from-eval.js
PASS	language/expressions/super/prop-expr-obj-null-proto.js
PASS	language/expressions/super/prop-dot-cls-val.js
PASS	language/expressions/super/prop-expr-cls-this-uninit.js
PASS	language/expressions/super/call-spread-err-mult-err-itr-get-get.js
PASS	language/expressions/super/call-spread-obj-getter-descriptor.js
PASS	language/expressions/super/call-bind-this-value.js
PASS	language/expressions/super/call-spread-obj-overrides-prev-properties.js
PASS	language/expressions/super/call-spread-mult-expr.js
PASS	language/expressions/super/call-spread-err-sngl-err-itr-get-value.js
PASS	language/expressions/super/call-spread-obj-skip-non-enumerable.js
PASS	language/expressions/super/call-spread-sngl-expr.js
PASS	language/expressions/super/prop-dot-obj-ref-strict.js
PASS	language/expressions/super/call-spread-err-mult-err-expr-throws.js
PASS	language/expressions/super/prop-expr-cls-null-proto.js
PASS	language/expressions/super/call-spread-obj-with-overrides.js
PASS	language/expressions/super/prop-dot-obj-ref-this.js
