PASS	built-ins/GeneratorPrototype/next/lone-yield.js
PASS	built-ins/GeneratorPrototype/next/not-a-constructor.js
PASS	built-ins/GeneratorPrototype/next/this-val-not-object.js
PASS	built-ins/GeneratorPrototype/next/length.js
PASS	built-ins/GeneratorPrototype/constructor.js
PASS	built-ins/GeneratorPrototype/Symbol.toStringTag.js
PASS	built-ins/GeneratorPrototype/next/lone-return.js
PASS	built-ins/GeneratorPrototype/next/context-method-invocation.js
PASS	built-ins/GeneratorPrototype/next/this-val-not-generator.js
PASS	built-ins/GeneratorPrototype/next/no-control-flow.js
PASS	built-ins/GeneratorPrototype/next/name.js
PASS	built-ins/GeneratorPrototype/next/property-descriptor.js
PASS	built-ins/GeneratorPrototype/next/from-state-executing.js
PASS	built-ins/GeneratorPrototype/next/result-prototype.js
PASS	built-ins/GeneratorPrototype/next/return-yield-expr.js
PASS	built-ins/GeneratorPrototype/return/try-finally-nested-try-catch-within-catch.js
PASS	built-ins/GeneratorPrototype/next/consecutive-yields.js
PASS	built-ins/GeneratorPrototype/return/not-a-constructor.js
PASS	built-ins/GeneratorPrototype/return/from-state-suspended-start.js
PASS	built-ins/GeneratorPrototype/return/this-val-not-object.js
PASS	built-ins/GeneratorPrototype/return/try-catch-within-try.js
PASS	built-ins/GeneratorPrototype/return/try-finally-within-try.js
PASS	built-ins/GeneratorPrototype/return/length.js
PASS	built-ins/GeneratorPrototype/return/try-finally-following-finally.js
PASS	built-ins/GeneratorPrototype/return/try-finally-nested-try-catch-within-inner-try.js
PASS	built-ins/GeneratorPrototype/return/from-state-completed.js
PASS	built-ins/GeneratorPrototype/return/try-finally-within-finally.js
PASS	built-ins/GeneratorPrototype/return/try-finally-nested-try-catch-within-finally.js
PASS	built-ins/GeneratorPrototype/return/this-val-not-generator.js
PASS	built-ins/GeneratorPrototype/return/name.js
PASS	built-ins/GeneratorPrototype/return/try-finally-set-property-within-try.js
PASS	built-ins/GeneratorPrototype/return/from-state-executing.js
PASS	built-ins/GeneratorPrototype/return/property-descriptor.js
PASS	built-ins/GeneratorPrototype/return/try-catch-within-catch.js
PASS	built-ins/GeneratorPrototype/return/try-finally-before-try.js
PASS	built-ins/GeneratorPrototype/return/try-catch-following-catch.js
PASS	built-ins/GeneratorPrototype/return/try-finally-nested-try-catch-within-outer-try-after-nested.js
PASS	built-ins/GeneratorPrototype/return/try-finally-nested-try-catch-within-outer-try-before-nested.js
PASS	built-ins/GeneratorPrototype/return/try-catch-before-try.js
PASS	built-ins/GeneratorPrototype/throw/try-finally-nested-try-catch-within-catch.js
PASS	built-ins/GeneratorPrototype/throw/not-a-constructor.js
PASS	built-ins/GeneratorPrototype/throw/this-val-not-object.js
PASS	built-ins/GeneratorPrototype/throw/from-state-suspended-start.js
PASS	built-ins/GeneratorPrototype/throw/try-finally-nested-try-catch-within-inner-try.js
PASS	built-ins/GeneratorPrototype/throw/try-finally-within-try.js
PASS	built-ins/GeneratorPrototype/throw/try-catch-within-try.js
PASS	built-ins/GeneratorPrototype/throw/length.js
PASS	built-ins/GeneratorPrototype/throw/from-state-completed.js
PASS	built-ins/GeneratorPrototype/throw/try-finally-within-finally.js
PASS	built-ins/GeneratorPrototype/throw/this-val-not-generator.js
PASS	built-ins/GeneratorPrototype/throw/try-finally-following-finally.js
PASS	built-ins/GeneratorPrototype/throw/try-finally-nested-try-catch-within-finally.js
PASS	built-ins/GeneratorPrototype/throw/name.js
PASS	built-ins/GeneratorPrototype/throw/from-state-executing.js
PASS	built-ins/GeneratorPrototype/throw/try-finally-before-try.js
PASS	built-ins/GeneratorPrototype/throw/try-catch-before-try.js
PASS	built-ins/GeneratorPrototype/throw/try-catch-within-catch.js
PASS	built-ins/GeneratorPrototype/throw/try-finally-nested-try-catch-within-outer-try-after-nested.js
PASS	built-ins/GeneratorPrototype/throw/property-descriptor.js
PASS	built-ins/GeneratorPrototype/throw/try-finally-nested-try-catch-within-outer-try-before-nested.js
PASS	built-ins/GeneratorPrototype/throw/try-catch-following-catch.js
