PASS	language/statements/generators/yield-as-label-identifier-escaped.js
PASS	language/statements/generators/params-trailing-comma-single.js
PASS	language/statements/generators/yield-as-logical-or-expression.js
PASS	language/statements/generators/yield-as-binding-identifier-escaped.js
PASS	language/statements/generators/prototype-value.js
PASS	language/statements/generators/yield-as-identifier-in-nested-function.js
PASS	language/statements/generators/dflt-params-arg-val-not-undefined.js
PASS	language/statements/generators/yield-identifier-spread-non-strict.js
PASS	language/statements/generators/params-dflt-ref-arguments.js
PASS	language/statements/generators/param-dflt-yield.js
PASS	language/statements/generators/yield-as-property-name.js
PASS	language/statements/generators/yield-weak-binding.js
PASS	language/statements/generators/params-dflt-args-unmapped.js
PASS	language/statements/generators/declaration.js
PASS	language/statements/generators/yield-spread-arr-single.js
PASS	language/statements/generators/yield-newline.js
PASS	language/statements/generators/yield-as-identifier-reference.js
PASS	language/statements/generators/no-yield.js
PASS	language/statements/generators/yield-star-before-newline.js
PASS	language/statements/generators/scope-body-lex-distinct.js
PASS	language/statements/generators/scope-paramsbody-var-open.js
PASS	language/statements/generators/yield-as-identifier-reference-escaped.js
PASS	language/statements/generators/unscopables-with-in-nested-fn.js
PASS	language/statements/generators/invoke-as-constructor.js
PASS	language/statements/generators/yield-as-generator-declaration-binding-identifier.js
PASS	language/statements/generators/unscopables-with.js
PASS	language/statements/generators/scope-param-elem-var-open.js
PASS	language/statements/generators/arguments-with-arguments-lex.js
PASS	language/statements/generators/yield-spread-arr-multiple.js
PASS	language/statements/generators/yield-as-function-expression-binding-identifier.js
PASS	language/statements/generators/yield-as-parameter.js
PASS	language/statements/generators/object-destructuring-param-strict-body.js
PASS	language/statements/generators/params-trailing-comma-multiple.js
PASS	language/statements/generators/eval-var-scope-syntax-err.js
PASS	language/statements/generators/use-strict-with-non-simple-param.js
PASS	language/statements/generators/dflt-params-ref-prior.js
PASS	language/statements/generators/prototype-relation-to-function.js
PASS	language/statements/generators/generator-created-after-decl-inst.js
PASS	language/statements/generators/has-instance.js
PASS	language/statements/generators/prototype-own-properties.js
PASS	language/statements/generators/cptn-decl.js
PASS	language/statements/generators/dflt-params-ref-later.js
PASS	language/statements/generators/dflt-params-trailing-comma.js
PASS	language/statements/generators/name.js
PASS	language/statements/generators/scope-paramsbody-var-close.js
PASS	language/statements/generators/yield-as-yield-operand.js
PASS	language/statements/generators/yield-spread-obj.js
PASS	language/statements/generators/restricted-properties.js
PASS	language/statements/generators/yield-identifier-spread-strict.js
PASS	language/statements/generators/array-destructuring-param-strict-body.js
PASS	language/statements/generators/dflt-params-abrupt.js
PASS	language/statements/generators/scope-param-rest-elem-var-open.js
PASS	language/statements/generators/return.js
PASS	language/statements/generators/scope-param-elem-var-close.js
PASS	language/statements/generators/prototype-uniqueness.js
PASS	language/statements/generators/length-property-descriptor.js
PASS	language/statements/generators/yield-identifier-non-strict.js
PASS	language/statements/generators/dflt-params-duplicates.js
PASS	language/statements/generators/dflt-params-arg-val-undefined.js
PASS	language/statements/generators/scope-param-rest-elem-var-close.js
PASS	language/statements/generators/yield-as-label-identifier.js
PASS	language/statements/generators/prototype-typeof.js
PASS	language/statements/generators/default-proto.js
PASS	language/statements/generators/dflt-params-rest.js
PASS	language/statements/generators/arguments-with-arguments-fn.js
PASS	language/statements/generators/prototype-property-descriptor.js
PASS	language/statements/generators/dflt-params-ref-self.js
PASS	language/statements/generators/yield-as-statement.js
PASS	language/statements/generators/length-dflt.js
PASS	language/statements/generators/yield-star-after-newline.js
PASS	language/statements/generators/yield-as-literal-property-name.js
PASS	language/statements/generators/yield-as-binding-identifier.js
PASS	language/statements/generators/rest-param-strict-body.js
PASS	language/statements/generators/rest-params-trailing-comma-early-error.js
PASS	language/statements/generators/forbidden-ext/b2/gen-func-decl-forbidden-ext-indirect-access-own-prop-caller-get.js
PASS	language/statements/generators/yield-identifier-strict.js
PASS	language/statements/generators/forbidden-ext/b2/gen-func-decl-forbidden-ext-indirect-access-prop-caller.js
PASS	language/statements/generators/forbidden-ext/b2/gen-func-decl-forbidden-ext-indirect-access-own-prop-caller-value.js
PASS	language/statements/generators/forbidden-ext/b1/gen-func-decl-forbidden-ext-direct-access-prop-arguments.js
PASS	language/statements/generators/dstr/ary-ptrn-elem-id-iter-done.js
PASS	language/statements/generators/dstr/dflt-ary-ptrn-elem-id-init-unresolvable.js
PASS	language/statements/generators/forbidden-ext/b1/gen-func-decl-forbidden-ext-direct-access-prop-caller.js
PASS	language/statements/generators/dstr/obj-ptrn-id-trailing-comma.js
PASS	language/statements/generators/dstr/ary-ptrn-elem-id-init-fn-name-fn.js
PASS	language/statements/generators/dstr/dflt-ary-ptrn-elem-id-iter-val-array-prototype.js
PASS	language/statements/generators/dstr/dflt-ary-ptrn-rest-obj-id.js
PASS	language/statements/generators/dstr/ary-ptrn-elem-id-init-fn-name-class.js
PASS	language/statements/generators/dstr/ary-init-iter-get-err.js
PASS	language/statements/generators/dstr/obj-ptrn-id-get-value-err.js
PASS	language/statements/generators/dstr/ary-ptrn-rest-not-final-obj.js
PASS	language/statements/generators/dstr/dflt-ary-ptrn-rest-id-iter-val-err.js
PASS	language/statements/generators/dstr/dflt-ary-ptrn-elem-ary-elem-iter.js
PASS	language/statements/generators/dstr/dflt-ary-ptrn-elem-ary-elision-init.js
PASS	language/statements/generators/dstr/obj-ptrn-prop-id-init-unresolvable.js
PASS	language/statements/generators/dstr/dflt-ary-init-iter-get-err.js
PASS	language/statements/generators/dstr/dflt-ary-init-iter-get-err-array-prototype.js
PASS	language/statements/generators/dstr/dflt-obj-ptrn-rest-skip-non-enumerable.js
PASS	language/statements/generators/dstr/ary-ptrn-elem-ary-val-null.js
PASS	language/statements/generators/dstr/ary-ptrn-elem-ary-elision-init.js
PASS	language/statements/generators/dstr/obj-ptrn-id-init-fn-name-fn.js
PASS	language/statements/generators/dstr/ary-ptrn-elision-step-err.js
PASS	language/statements/generators/dstr/obj-ptrn-prop-id-init-throws.js
PASS	language/statements/generators/dstr/ary-ptrn-rest-not-final-id.js
PASS	language/statements/generators/dstr/ary-ptrn-elem-ary-elem-init.js
PASS	language/statements/generators/dstr/ary-ptrn-rest-id-iter-val-err.js
PASS	language/statements/generators/dstr/dflt-ary-ptrn-elem-id-init-fn-name-fn.js
PASS	language/statements/generators/dstr/dflt-obj-ptrn-list-err.js
PASS	language/statements/generators/dstr/ary-ptrn-rest-id-elision-next-err.js
PASS	language/statements/generators/dstr/ary-ptrn-elem-id-iter-val.js
PASS	language/statements/generators/dstr/ary-ptrn-elem-obj-prop-id.js
PASS	language/statements/generators/dstr/ary-ptrn-elem-id-init-undef.js
PASS	language/statements/generators/dstr/dflt-obj-ptrn-prop-id-trailing-comma.js
PASS	language/statements/generators/dstr/dflt-ary-ptrn-rest-ary-rest.js
PASS	language/statements/generators/dstr/dflt-ary-ptrn-elem-id-init-hole.js
PASS	language/statements/generators/dstr/ary-ptrn-elem-ary-empty-iter.js
PASS	language/statements/generators/dstr/ary-ptrn-elem-obj-val-undef.js
PASS	language/statements/generators/dstr/ary-ptrn-elem-id-init-throws.js
PASS	language/statements/generators/dstr/obj-ptrn-list-err.js
PASS	language/statements/generators/dstr/dflt-ary-ptrn-elision.js
PASS	language/statements/generators/dstr/obj-init-undefined.js
PASS	language/statements/generators/dstr/dflt-ary-init-iter-no-close.js
PASS	language/statements/generators/dstr/ary-ptrn-rest-id-elision.js
PASS	language/statements/generators/dstr/ary-ptrn-elision-exhausted.js
PASS	language/statements/generators/dstr/dflt-obj-init-undefined.js
PASS	language/statements/generators/dstr/ary-ptrn-elem-id-iter-val-array-prototype.js
PASS	language/statements/generators/dstr/dflt-ary-ptrn-elem-obj-val-null.js
PASS	language/statements/generators/dstr/obj-ptrn-id-init-fn-name-class.js
PASS	language/statements/generators/dstr/dflt-obj-init-null.js
PASS	language/statements/generators/dstr/dflt-obj-ptrn-prop-ary-init.js
PASS	language/statements/generators/dstr/dflt-ary-ptrn-elem-ary-rest-iter.js
PASS	language/statements/generators/dstr/dflt-ary-ptrn-rest-id-iter-step-err.js
PASS	language/statements/generators/dstr/obj-ptrn-prop-obj-init.js
PASS	language/statements/generators/dstr/dflt-ary-ptrn-rest-ary-elision.js
PASS	language/statements/generators/dstr/dflt-ary-ptrn-elem-obj-id-init.js
PASS	language/statements/generators/dstr/ary-ptrn-rest-id-iter-step-err.js
PASS	language/statements/generators/dstr/ary-ptrn-elem-id-init-fn-name-gen.js
PASS	language/statements/generators/dstr/ary-ptrn-rest-init-obj.js
PASS	language/statements/generators/dstr/dflt-obj-ptrn-rest-val-obj.js
PASS	language/statements/generators/dstr/dflt-ary-ptrn-rest-ary-elem.js
PASS	language/statements/generators/dstr/dflt-ary-ptrn-rest-init-ary.js
PASS	language/statements/generators/dstr/obj-ptrn-prop-ary-trailing-comma.js
PASS	language/statements/generators/dstr/obj-ptrn-rest-val-obj.js
PASS	language/statements/generators/dstr/obj-init-null.js
PASS	language/statements/generators/dstr/ary-ptrn-elem-obj-prop-id-init.js
PASS	language/statements/generators/dstr/ary-ptrn-rest-obj-prop-id.js
PASS	language/statements/generators/dstr/dflt-obj-ptrn-id-init-fn-name-class.js
PASS	language/statements/generators/dstr/obj-ptrn-prop-ary-value-null.js
PASS	language/statements/generators/dstr/dflt-obj-ptrn-id-init-fn-name-gen.js
PASS	language/statements/generators/dstr/ary-ptrn-elem-obj-id.js
PASS	language/statements/generators/dstr/obj-ptrn-id-init-throws.js
PASS	language/statements/generators/dstr/obj-ptrn-rest-getter.js
PASS	language/statements/generators/dstr/ary-ptrn-elision.js
PASS	language/statements/generators/dstr/dflt-ary-init-iter-close.js
PASS	language/statements/generators/dstr/obj-ptrn-prop-id-trailing-comma.js
PASS	language/statements/generators/dstr/ary-ptrn-rest-id-exhausted.js
PASS	language/statements/generators/dstr/ary-init-iter-get-err-array-prototype.js
PASS	language/statements/generators/dstr/ary-ptrn-elem-ary-rest-init.js
PASS	language/statements/generators/dstr/dflt-obj-ptrn-prop-eval-err.js
PASS	language/statements/generators/dstr/dflt-obj-ptrn-prop-obj.js
PASS	language/statements/generators/dstr/dflt-ary-ptrn-elem-id-init-fn-name-class.js
PASS	language/statements/generators/dstr/obj-ptrn-id-init-skipped.js
PASS	language/statements/generators/dstr/dflt-ary-ptrn-elem-ary-empty-init.js
PASS	language/statements/generators/dstr/dflt-ary-ptrn-rest-ary-empty.js
PASS	language/statements/generators/dstr/dflt-ary-ptrn-rest-not-final-ary.js
PASS	language/statements/generators/dstr/dflt-obj-ptrn-prop-ary-trailing-comma.js
PASS	language/statements/generators/dstr/ary-init-iter-close.js
PASS	language/statements/generators/dstr/obj-ptrn-prop-obj.js
PASS	language/statements/generators/dstr/dflt-obj-ptrn-prop-id.js
PASS	language/statements/generators/dstr/obj-ptrn-prop-obj-value-null.js
PASS	language/statements/generators/dstr/dflt-ary-ptrn-elem-obj-prop-id-init.js
PASS	language/statements/generators/dstr/ary-ptrn-rest-id-direct.js
PASS	language/statements/generators/dstr/dflt-ary-ptrn-elem-id-iter-done.js
PASS	language/statements/generators/dstr/ary-ptrn-elem-id-iter-val-err.js
PASS	language/statements/generators/dstr/ary-ptrn-rest-not-final-ary.js
PASS	language/statements/generators/dstr/ary-ptrn-rest-obj-id.js
PASS	language/statements/generators/dstr/ary-ptrn-rest-id.js
PASS	language/statements/generators/dstr/obj-ptrn-id-init-fn-name-arrow.js
PASS	language/statements/generators/dstr/ary-ptrn-empty.js
PASS	language/statements/generators/dstr/ary-ptrn-elem-id-iter-complete.js
PASS	language/statements/generators/dstr/dflt-obj-ptrn-prop-id-init-throws.js
PASS	language/statements/generators/dstr/dflt-ary-ptrn-empty.js
PASS	language/statements/generators/dstr/ary-ptrn-elem-id-iter-step-err.js
PASS	language/statements/generators/dstr/dflt-obj-ptrn-id-trailing-comma.js
PASS	language/statements/generators/dstr/dflt-ary-ptrn-elem-id-iter-val-err.js
PASS	language/statements/generators/dstr/obj-ptrn-empty.js
PASS	language/statements/generators/dstr/dflt-ary-ptrn-elem-ary-val-null.js
PASS	language/statements/generators/dstr/dflt-ary-ptrn-elem-id-iter-complete.js
PASS	language/statements/generators/dstr/dflt-ary-ptrn-elem-id-iter-step-err.js
PASS	language/statements/generators/dstr/dflt-obj-ptrn-empty.js
PASS	language/statements/generators/dstr/dflt-ary-ptrn-rest-not-final-id.js
PASS	language/statements/generators/dstr/dflt-ary-ptrn-elem-id-iter-val.js
PASS	language/statements/generators/dstr/dflt-ary-ptrn-elem-obj-prop-id.js
PASS	language/statements/generators/dstr/dflt-ary-ptrn-elem-ary-rest-init.js
PASS	language/statements/generators/dstr/dflt-obj-ptrn-id-init-fn-name-arrow.js
PASS	language/statements/generators/dstr/dflt-obj-ptrn-id-init-skipped.js
PASS	language/statements/generators/dstr/ary-ptrn-elem-id-init-skipped.js
PASS	language/statements/generators/dstr/ary-ptrn-rest-init-id.js
PASS	language/statements/generators/dstr/ary-ptrn-rest-ary-rest.js
PASS	language/statements/generators/dstr/ary-ptrn-elem-id-init-hole.js
PASS	language/statements/generators/dstr/obj-ptrn-id-init-unresolvable.js
PASS	language/statements/generators/dstr/dflt-ary-ptrn-elem-id-init-throws.js
PASS	language/statements/generators/dstr/obj-ptrn-prop-id-get-value-err.js
PASS	language/statements/generators/dstr/dflt-ary-ptrn-elem-ary-empty-iter.js
PASS	language/statements/generators/dstr/obj-ptrn-prop-id-init-skipped.js
PASS	language/statements/generators/dstr/dflt-ary-ptrn-elision-step-err.js
PASS	language/statements/generators/dstr/ary-ptrn-elem-ary-rest-iter.js
PASS	language/statements/generators/dstr/ary-init-iter-no-close.js
PASS	language/statements/generators/dstr/dflt-obj-ptrn-id-init-unresolvable.js
PASS	language/statements/generators/dstr/dflt-obj-ptrn-prop-id-get-value-err.js
PASS	language/statements/generators/dstr/dflt-ary-ptrn-elem-id-init-skipped.js
PASS	language/statements/generators/dstr/dflt-ary-ptrn-elem-id-init-fn-name-arrow.js
PASS	language/statements/generators/dstr/dflt-ary-ptrn-elision-exhausted.js
PASS	language/statements/generators/dstr/dflt-obj-ptrn-id-get-value-err.js
PASS	language/statements/generators/dstr/ary-ptrn-elem-id-init-exhausted.js
PASS	language/statements/generators/dstr/dflt-obj-ptrn-prop-id-init-skipped.js
PASS	language/statements/generators/dstr/dflt-ary-ptrn-rest-init-id.js
PASS	language/statements/generators/dstr/dflt-ary-ptrn-elem-id-init-fn-name-gen.js
PASS	language/statements/generators/dstr/dflt-obj-ptrn-prop-id-init.js
PASS	language/statements/generators/dstr/ary-ptrn-elem-id-init-fn-name-cover.js
PASS	language/statements/generators/dstr/ary-ptrn-elem-id-init-fn-name-arrow.js
PASS	language/statements/generators/dstr/obj-ptrn-prop-id.js
PASS	language/statements/generators/dstr/dflt-ary-name-iter-val.js
PASS	language/statements/generators/dstr/ary-ptrn-elem-ary-elision-iter.js
PASS	language/statements/generators/dstr/dflt-ary-ptrn-rest-id.js
PASS	language/statements/generators/dstr/ary-ptrn-elem-obj-val-null.js
PASS	language/statements/generators/dstr/dflt-ary-ptrn-elem-id-init-fn-name-cover.js
PASS	language/statements/generators/dstr/dflt-obj-ptrn-prop-obj-init.js
PASS	language/statements/generators/dstr/obj-ptrn-prop-ary-init.js
PASS	language/statements/generators/dstr/dflt-ary-ptrn-elem-ary-elision-iter.js
PASS	language/statements/generators/dstr/dflt-ary-ptrn-rest-obj-prop-id.js
PASS	language/statements/generators/dstr/ary-name-iter-val.js
PASS	language/statements/generators/dstr/dflt-ary-ptrn-elem-ary-elem-init.js
PASS	language/statements/generators/dstr/dflt-ary-ptrn-elem-id-init-undef.js
PASS	language/statements/generators/dstr/dflt-ary-ptrn-rest-id-elision-next-err.js
PASS	language/statements/generators/dstr/ary-ptrn-rest-ary-elem.js
PASS	language/statements/generators/dstr/ary-ptrn-rest-init-ary.js
PASS	language/statements/generators/dstr/obj-ptrn-prop-id-init.js
PASS	language/statements/generators/dstr/dflt-ary-ptrn-rest-init-obj.js
PASS	language/statements/generators/dstr/ary-ptrn-elem-id-init-unresolvable.js
PASS	language/statements/generators/dstr/dflt-ary-ptrn-elem-obj-val-undef.js
PASS	language/statements/generators/dstr/dflt-obj-ptrn-prop-obj-value-null.js
PASS	language/statements/generators/dstr/dflt-obj-ptrn-id-init-fn-name-cover.js
PASS	language/statements/generators/dstr/dflt-obj-ptrn-prop-ary.js
PASS	language/statements/generators/dstr/dflt-obj-ptrn-rest-getter.js
PASS	language/statements/generators/dstr/dflt-ary-ptrn-elem-obj-id.js
PASS	language/statements/generators/dstr/dflt-obj-ptrn-prop-id-init-unresolvable.js
PASS	language/statements/generators/dstr/dflt-obj-ptrn-id-init-fn-name-fn.js
PASS	language/statements/generators/dstr/dflt-ary-ptrn-rest-id-exhausted.js
PASS	language/statements/generators/dstr/dflt-obj-ptrn-id-init-throws.js
PASS	language/statements/generators/dstr/dflt-ary-ptrn-rest-id-elision.js
PASS	language/statements/generators/dstr/obj-ptrn-prop-obj-value-undef.js
PASS	language/statements/generators/dstr/ary-ptrn-rest-ary-empty.js
PASS	language/statements/generators/dstr/obj-ptrn-id-init-fn-name-gen.js
PASS	language/statements/generators/dstr/obj-ptrn-prop-ary.js
PASS	language/statements/generators/dstr/obj-ptrn-id-init-fn-name-cover.js
PASS	language/statements/generators/dstr/ary-ptrn-elem-ary-empty-init.js
PASS	language/statements/generators/dstr/dflt-ary-ptrn-elem-id-init-exhausted.js
PASS	language/statements/generators/dstr/obj-ptrn-prop-eval-err.js
PASS	language/statements/generators/dstr/ary-ptrn-elem-obj-id-init.js
PASS	language/statements/generators/dstr/dflt-ary-ptrn-rest-not-final-obj.js
PASS	language/statements/generators/dstr/dflt-obj-ptrn-prop-obj-value-undef.js
PASS	language/statements/generators/dstr/dflt-ary-ptrn-rest-id-direct.js
PASS	language/statements/generators/dstr/dflt-obj-ptrn-prop-ary-value-null.js
PASS	language/statements/generators/dstr/ary-ptrn-elem-ary-elem-iter.js
PASS	language/statements/generators/dstr/ary-ptrn-rest-ary-elision.js
PASS	language/statements/generators/dstr/obj-ptrn-rest-skip-non-enumerable.js
