PASS	language/expressions/array/11.1.4-0.js
PASS	language/expressions/array/spread-err-mult-err-itr-step.js
PASS	language/expressions/array/spread-sngl-expr.js
PASS	language/expressions/array/spread-sngl-empty.js
PASS	language/expressions/array/spread-err-sngl-err-expr-throws.js
PASS	language/expressions/array/spread-mult-expr.js
PASS	language/expressions/array/spread-obj-with-overrides.js
PASS	language/expressions/array/spread-mult-literal.js
PASS	language/expressions/array/spread-err-sngl-err-itr-get-get.js
PASS	language/expressions/array/spread-err-mult-err-itr-get-call.js
PASS	language/expressions/array/spread-err-sngl-err-unresolvable.js
PASS	language/expressions/array/spread-obj-null.js
PASS	language/expressions/array/spread-err-sngl-err-itr-get-value.js
PASS	language/expressions/array/spread-obj-undefined.js
PASS	language/expressions/array/spread-sngl-obj-ident.js
PASS	language/expressions/array/spread-err-mult-err-iter-get-value.js
PASS	language/expressions/array/S11.1.4_A1.3.js
PASS	language/expressions/array/spread-mult-obj-null.js
PASS	language/expressions/array/spread-sngl-literal.js
PASS	language/expressions/array/S11.1.4_A1.7.js
PASS	language/expressions/array/spread-err-mult-err-expr-throws.js
PASS	language/expressions/array/spread-mult-obj-undefined.js
PASS	language/expressions/array/spread-obj-overrides-prev-properties.js
PASS	language/expressions/array/spread-obj-mult-spread.js
PASS	language/expressions/array/S11.1.4_A1.6.js
PASS	language/expressions/array/spread-err-mult-err-itr-get-get.js
PASS	language/expressions/array/spread-err-mult-err-itr-value.js
PASS	language/expressions/array/spread-err-sngl-err-itr-step.js
PASS	language/expressions/array/S11.1.4_A1.5.js
PASS	language/expressions/array/spread-err-mult-err-obj-unresolvable.js
PASS	language/expressions/array/S11.1.4_A1.2.js
PASS	language/expressions/array/spread-obj-manipulate-outter-obj-in-getter.js
PASS	language/expressions/array/spread-err-sngl-err-itr-get-call.js
PASS	language/expressions/array/spread-obj-skip-non-enumerable.js
PASS	language/expressions/array/spread-err-sngl-err-itr-value.js
PASS	language/expressions/array/spread-err-mult-err-unresolvable.js
PASS	language/expressions/array/spread-obj-getter-init.js
PASS	language/expressions/array/S11.1.4_A1.1.js
PASS	language/expressions/array/11.1.4_5-6-1.js
PASS	language/expressions/array/S11.1.4_A2.js
PASS	language/expressions/array/spread-obj-symbol-property.js
PASS	language/expressions/array/spread-err-sngl-err-obj-unresolvable.js
PASS	language/expressions/array/S11.1.4_A1.4.js
PASS	language/expressions/array/spread-obj-mult-spread-getter.js
PASS	language/expressions/array/spread-mult-obj-ident.js
PASS	language/expressions/array/spread-obj-getter-descriptor.js
PASS	language/expressions/array/spread-obj-spread-order.js
PASS	language/expressions/array/11.1.4_4-5-1.js
PASS	language/expressions/array/spread-mult-iter.js
PASS	language/expressions/array/spread-sngl-iter.js
PASS	language/expressions/array/spread-obj-override-immutable.js
PASS	language/expressions/array/spread-mult-empty.js
