PASS	language/expressions/call/11.2.3-3_6.js
PASS	language/expressions/call/S11.2.3_A3_T2.js
PASS	language/expressions/call/S11.2.3_A1.js
PASS	language/expressions/call/spread-mult-expr.js
PASS	language/expressions/call/scope-var-close.js
PASS	language/expressions/call/spread-err-sngl-err-expr-throws.js
PASS	language/expressions/call/spread-err-mult-err-itr-step.js
PASS	language/expressions/call/11.2.3-3_2.js
PASS	language/expressions/call/spread-sngl-expr.js
PASS	language/expressions/call/spread-sngl-empty.js
PASS	language/expressions/call/spread-obj-with-overrides.js
PASS	language/expressions/call/eval-spread-empty-leading.js
PASS	language/expressions/call/spread-mult-literal.js
PASS	language/expressions/call/eval-strictness-inherit-non-strict.js
PASS	language/expressions/call/spread-err-mult-err-itr-get-call.js
PASS	language/expressions/call/spread-err-sngl-err-itr-get-get.js
PASS	language/expressions/call/11.2.3-3_3.js
PASS	language/expressions/call/S11.2.4_A1.1_T2.js
PASS	language/expressions/call/spread-err-sngl-err-unresolvable.js
PASS	language/expressions/call/scope-lex-close.js
PASS	language/expressions/call/spread-obj-undefined.js
PASS	language/expressions/call/eval-first-arg.js
PASS	language/expressions/call/tco-member-args.js
PASS	language/expressions/call/11.2.3-3_7.js
PASS	language/expressions/call/spread-obj-null.js
PASS	language/expressions/call/spread-sngl-obj-ident.js
PASS	language/expressions/call/spread-mult-obj-null.js
PASS	language/expressions/call/eval-spread-empty.js
PASS	language/expressions/call/spread-err-sngl-err-itr-get-value.js
PASS	language/expressions/call/S11.2.3_A3_T3.js
PASS	language/expressions/call/S11.2.4_A1.4_T3.js
PASS	language/expressions/call/spread-err-mult-err-iter-get-value.js
PASS	language/expressions/call/trailing-comma.js
PASS	language/expressions/call/spread-sngl-literal.js
PASS	language/expressions/call/S11.2.3_A4_T3.js
PASS	language/expressions/call/S11.2.4_A1.2_T2.js
PASS	language/expressions/call/11.2.3-3_8.js
PASS	language/expressions/call/spread-obj-overrides-prev-properties.js
PASS	language/expressions/call/spread-err-mult-err-expr-throws.js
PASS	language/expressions/call/spread-mult-obj-undefined.js
PASS	language/expressions/call/spread-obj-mult-spread.js
PASS	language/expressions/call/eval-spread.js
PASS	language/expressions/call/spread-err-mult-err-itr-value.js
PASS	language/expressions/call/eval-spread-empty-trailing.js
PASS	language/expressions/call/spread-err-mult-err-itr-get-get.js
PASS	language/expressions/call/eval-no-args.js
PASS	language/expressions/call/S11.2.4_A1.4_T2.js
PASS	language/expressions/call/spread-err-mult-err-obj-unresolvable.js
PASS	language/expressions/call/spread-err-sngl-err-itr-step.js
PASS	language/expressions/call/S11.2.3_A4_T5.js
PASS	language/expressions/call/S11.2.3_A4_T2.js
PASS	language/expressions/call/spread-obj-manipulate-outter-obj-in-getter.js
PASS	language/expressions/call/spread-obj-skip-non-enumerable.js
PASS	language/expressions/call/spread-err-sngl-err-itr-get-call.js
PASS	language/expressions/call/S11.2.3_A4_T1.js
PASS	language/expressions/call/tco-non-eval-with.js
PASS	language/expressions/call/tco-non-eval-function-dynamic.js
PASS	language/expressions/call/S11.2.4_A1.4_T1.js
PASS	language/expressions/call/S11.2.4_A1.4_T4.js
PASS	language/expressions/call/spread-err-sngl-err-itr-value.js
PASS	language/expressions/call/spread-obj-getter-init.js
PASS	language/expressions/call/S11.2.4_A1.2_T1.js
PASS	language/expressions/call/spread-err-mult-err-unresolvable.js
PASS	language/expressions/call/S11.2.3_A4_T4.js
PASS	language/expressions/call/scope-lex-open.js
PASS	language/expressions/call/eval-strictness-inherit-strict.js
PASS	language/expressions/call/scope-var-open.js
PASS	language/expressions/call/S11.2.3_A3_T4.js
PASS	language/expressions/call/spread-obj-symbol-property.js
PASS	language/expressions/call/spread-obj-mult-spread-getter.js
PASS	language/expressions/call/11.2.3-3_4.js
PASS	language/expressions/call/eval-err-args.js
PASS	language/expressions/call/spread-mult-obj-ident.js
PASS	language/expressions/call/spread-sngl-iter.js
PASS	language/expressions/call/spread-err-sngl-err-obj-unresolvable.js
PASS	language/expressions/call/S11.2.4_A1.3_T1.js
PASS	language/expressions/call/11.2.3-3_5.js
PASS	language/expressions/call/spread-obj-getter-descriptor.js
PASS	language/expressions/call/S11.2.3_A3_T1.js
PASS	language/expressions/call/tco-non-eval-global.js
PASS	language/expressions/call/S11.2.3_A2.js
PASS	language/expressions/call/tco-call-args.js
PASS	language/expressions/call/11.2.3-3_1.js
PASS	language/expressions/call/spread-obj-spread-order.js
PASS	language/expressions/call/with-base-obj.js
PASS	language/expressions/call/spread-obj-override-immutable.js
PASS	language/expressions/call/S11.2.4_A1.1_T1.js
PASS	language/expressions/call/S11.2.3_A3_T5.js
PASS	language/expressions/call/spread-mult-empty.js
PASS	language/expressions/call/spread-mult-iter.js
PASS	language/expressions/call/tco-non-eval-function.js
